Date,Word
2024-01-01,cigar
2024-01-02,rebut
2024-01-03,sissy
2024-01-04,humph
2024-01-05,awake
2024-01-06,blush
2024-01-07,focal
2024-01-08,evade
2024-01-09,naval
2024-01-10,serve
2024-01-11,heath
2024-01-12,dwarf
2024-01-13,model
2024-01-14,karma
2024-01-15,stink
2024-01-16,grade
2024-01-17,quiet
2024-01-18,bench
2024-01-19,abate
2024-01-20,feign
2024-01-21,major
2024-01-22,death
2024-01-23,fresh
2024-01-24,crust
2024-01-25,stool
2024-01-26,colon
2024-01-27,abase
2024-01-28,marry
2024-01-29,react
2024-01-30,batty
2024-01-31,pride
2024-02-01,floss
2024-02-02,helix
2024-02-03,croak
2024-02-04,staff
2024-02-05,paper
2024-02-06,unfed
2024-02-07,whelp
2024-02-08,trawl
2024-02-09,outdo
2024-02-10,adobe
2024-02-11,crazy
2024-02-12,sower
2024-02-13,repay
2024-02-14,digit
2024-02-15,crate
2024-02-16,cluck
2024-02-17,spike
2024-02-18,mimic
2024-02-19,pound
2024-02-20,maxim
2024-02-21,linen
2024-02-22,unmet
2024-02-23,flesh
2024-02-24,booby
2024-02-25,forth
2024-02-26,first
2024-02-27,stand
2024-02-28,belly
2024-02-29,ivory
2024-03-01,seedy
2024-03-02,print
2024-03-03,yearn
2024-03-04,drain
2024-03-05,bribe
2024-03-06,stout
2024-03-07,panel
2024-03-08,crass
2024-03-09,flume
2024-03-10,offal
2024-03-11,agree
2024-03-12,error
2024-03-13,swirl
2024-03-14,argue
2024-03-15,bleed
2024-03-16,delta
2024-03-17,flick
2024-03-18,totem
2024-03-19,wooer
2024-03-20,front
2024-03-21,shrub
2024-03-22,parry
2024-03-23,biome
2024-03-24,lapel
2024-03-25,start
2024-03-26,greet
2024-03-27,goner
2024-03-28,golem
2024-03-29,lusty
2024-03-30,loopy
2024-03-31,round
2024-04-01,audit
2024-04-02,lying
2024-04-03,gamma
2024-04-04,labor
2024-04-05,islet
2024-04-06,civic
2024-04-07,forge
2024-04-08,corny
2024-04-09,moult
2024-04-10,basic
2024-04-11,salad
2024-04-12,agate
2024-04-13,spicy
2024-04-14,spray
2024-04-15,essay
2024-04-16,fjord
2024-04-17,spend
2024-04-18,kebab
2024-04-19,guild
2024-04-20,aback
2024-04-21,motor
2024-04-22,alone
2024-04-23,hatch
2024-04-24,hyper
2024-04-25,thumb
2024-04-26,dowry
2024-04-27,ought
2024-04-28,belch
2024-04-29,dutch
2024-04-30,pilot
2024-05-01,tweed
2024-05-02,comet
2024-05-03,jaunt
2024-05-04,enema
2024-05-05,steed
2024-05-06,abyss
2024-05-07,growl
2024-05-08,fling
2024-05-09,dozen
2024-05-10,boozy
2024-05-11,erode
2024-05-12,world
2024-05-13,gouge
2024-05-14,click
2024-05-15,briar
2024-05-16,great
2024-05-17,altar
2024-05-18,pulpy
2024-05-19,blurt
2024-05-20,coast
2024-05-21,duchy
2024-05-22,groin
2024-05-23,fixer
2024-05-24,group
2024-05-25,rogue
2024-05-26,badly
2024-05-27,smart
2024-05-28,pithy
2024-05-29,gaudy
2024-05-30,chill
2024-05-31,heron
2024-06-01,vodka
2024-06-02,finer
2024-06-03,surer
2024-06-04,radio
2024-06-05,rouge
2024-06-06,perch
2024-06-07,retch
2024-06-08,wrote
2024-06-09,clock
2024-06-10,tilde
2024-06-11,store
2024-06-12,prove
2024-06-13,bring
2024-06-14,solve
2024-06-15,cheat
2024-06-16,grime
2024-06-17,exult
2024-06-18,usher
2024-06-19,epoch
2024-06-20,triad
2024-06-21,break
2024-06-22,rhino
2024-06-23,viral
2024-06-24,conic
2024-06-25,masse
2024-06-26,sonic
2024-06-27,vital
2024-06-28,trace
2024-06-29,using
2024-06-30,peach
2024-07-01,champ
2024-07-02,baton
2024-07-03,brake
2024-07-04,pluck
2024-07-05,craze
2024-07-06,gripe
2024-07-07,weary
2024-07-08,picky
2024-07-09,acute
2024-07-10,ferry
2024-07-11,aside
2024-07-12,tapir
2024-07-13,troll
2024-07-14,unify
2024-07-15,rebus
2024-07-16,boost
2024-07-17,truss
2024-07-18,siege
2024-07-19,tiger
2024-07-20,banal
2024-07-21,slump
2024-07-22,crank
2024-07-23,gorge
2024-07-24,query
2024-07-25,drink
2024-07-26,favor
2024-07-27,abbey
2024-07-28,tangy
2024-07-29,panic
2024-07-30,solar
2024-07-31,shire
2024-08-01,proxy
2024-08-02,point
2024-08-03,robot
2024-08-04,prick
2024-08-05,wince
2024-08-06,crimp
2024-08-07,knoll
2024-08-08,sugar
2024-08-09,whack
2024-08-10,mount
2024-08-11,perky
2024-08-12,could
2024-08-13,wrung
2024-08-14,light
2024-08-15,those
2024-08-16,moist
2024-08-17,shard
2024-08-18,pleat
2024-08-19,aloft
2024-08-20,skill
2024-08-21,elder
2024-08-22,frame
2024-08-23,humor
2024-08-24,pause
2024-08-25,ulcer
2024-08-26,ultra
2024-08-27,robin
2024-08-28,cynic
2024-08-29,aroma
2024-08-30,caulk
2024-08-31,shake
2024-09-01,dodge
2024-09-02,swill
2024-09-03,tacit
2024-09-04,other
2024-09-05,thorn
2024-09-06,trove
2024-09-07,bloke
2024-09-08,vivid
2024-09-09,spill
2024-09-10,chant
2024-09-11,choke
2024-09-12,rupee
2024-09-13,nasty
2024-09-14,mourn
2024-09-15,ahead
2024-09-16,brine
2024-09-17,cloth
2024-09-18,hoard
2024-09-19,sweet
2024-09-20,month
2024-09-21,lapse
2024-09-22,watch
2024-09-23,today
2024-09-24,focus
2024-09-25,smelt
2024-09-26,tease
2024-09-27,cater
2024-09-28,movie
2024-09-29,saute
2024-09-30,allow
2024-10-01,renew
2024-10-02,their
2024-10-03,slosh
2024-10-04,purge
2024-10-05,chest
2024-10-06,depot
2024-10-07,epoxy
2024-10-08,nymph
2024-10-09,found
2024-10-10,shall
2024-10-11,stove
2024-10-12,lowly
2024-10-13,snout
2024-10-14,trope
2024-10-15,fewer
2024-10-16,shawl
2024-10-17,natal
2024-10-18,comma
2024-10-19,foray
2024-10-20,scare
2024-10-21,stair
2024-10-22,black
2024-10-23,squad
2024-10-24,royal
2024-10-25,chunk
2024-10-26,mince
2024-10-27,shame
2024-10-28,cheek
2024-10-29,ample
2024-10-30,flair
2024-10-31,foyer
2024-11-01,cargo
2024-11-02,oxide
2024-11-03,plant
2024-11-04,olive
2024-11-05,inert
2024-11-06,askew
2024-11-07,heist
2024-11-08,shown
2024-11-09,zesty
2024-11-10,trash
2024-11-11,larva
2024-11-12,story
